[
    {
        "id": "c9d8e726-5a4b-3c2c-1e0f-9a8b7c6d5e2f",
        "customerId": "392fef1b-421e-41e8-86c4-0c01264ead8a",
        "shippingAddress": "Calle Falsa 123",
        "billingAddress": "Calle Verdadera 456",
        "date": "2024-06-01T10:00:00Z",
        "totalAmount": 12587.2,
        "status": 0
    },
    {
        "id": "c8d8e726-5a4c-3c2c-1e0f-9a8b7c6d5e2a",
        "customerId": "5d945ed6-56b8-4b6f-b1dc-13ead09fed44",
        "shippingAddress": "Av. Siempre Viva 742",
        "billingAddress": "Av. Siempre Viva 742",
        "date": "2024-06-02T15:30:00Z",
        "totalAmount": 2761.6,
        "status": 0
    }
]
